ticket_id,opened_at,first_response_at,resolved_at,priority,status,channel,support_team,technician_name,customer_segment,category,sla_target_hours,first_response_hours,resolution_hours,breached_sla
T0001,2026-04-12T09:15,2026-04-12T12:15,2026-04-12T20:15,medium,resolved,Email,Workshop,Jordan Ellis,Mid-Market,Software Issue,48,3,11,false
T0002,2026-01-04T10:15,2026-01-04T16:15,2026-01-04T18:15,high,resolved,Phone,Remote Support,Taylor Brooks,Enterprise,Warranty,24,6,8,false
T0003,2026-04-07T11:15,2026-04-07T20:15,2026-04-07T16:15,critical,resolved,Portal,Field Support,Morgan Reed,SMB,Preventive Maintenance,8,9,5,false
T0004,2026-02-01T12:15,2026-02-02T00:15,2026-02-02T10:15,low,resolved,WhatsApp,Workshop,Cameron Shaw,Mid-Market,Network Setup,72,12,22,false
T0005,2026-02-11T13:15,2026-02-11T14:15,,medium,pending_customer,Email,Remote Support,Avery Cole,Enterprise,Hardware Repair,48,1,,true
T0006,2026-03-18T14:15,2026-03-18T18:15,2026-03-19T02:15,high,resolved,Phone,Field Support,Jordan Ellis,SMB,Software Issue,24,4,12,false
T0007,2026-01-19T15:15,2026-01-19T22:15,2026-01-20T00:15,critical,resolved,Portal,Workshop,Taylor Brooks,Mid-Market,Warranty,8,7,9,true
T0008,2026-01-09T08:15,2026-01-09T18:15,2026-01-10T10:15,low,resolved,WhatsApp,Remote Support,Morgan Reed,Enterprise,Preventive Maintenance,72,10,26,false
T0009,2026-01-15T09:15,2026-01-15T22:15,2026-01-16T04:15,medium,resolved,Email,Field Support,Cameron Shaw,SMB,Network Setup,48,13,19,false
T0010,2026-04-15T10:15,2026-04-15T12:15,,high,in_progress,Phone,Workshop,Avery Cole,Mid-Market,Hardware Repair,24,2,,false
T0011,2026-04-04T11:15,2026-04-04T16:15,2026-04-05T00:15,critical,resolved,Portal,Remote Support,Jordan Ellis,Enterprise,Software Issue,8,5,13,true
T0012,2026-03-07T12:15,2026-03-07T20:15,2026-03-08T18:15,low,resolved,WhatsApp,Field Support,Taylor Brooks,SMB,Warranty,72,8,30,false
T0013,2026-02-02T13:15,2026-02-03T00:15,2026-02-03T12:15,medium,resolved,Email,Workshop,Morgan Reed,Mid-Market,Preventive Maintenance,48,11,23,false
T0014,2026-03-24T14:15,2026-03-24T15:15,2026-03-25T10:15,high,resolved,Phone,Remote Support,Cameron Shaw,Enterprise,Network Setup,24,1,20,false
T0015,2026-02-16T15:15,2026-02-16T18:15,,critical,open,Portal,Field Support,Avery Cole,SMB,Hardware Repair,8,3,,true
T0016,2026-01-16T08:15,2026-01-16T14:15,2026-01-17T18:15,low,resolved,WhatsApp,Workshop,Jordan Ellis,Mid-Market,Software Issue,72,6,34,false
T0017,2026-02-14T09:15,2026-02-14T18:15,2026-02-15T12:15,medium,resolved,Email,Remote Support,Taylor Brooks,Enterprise,Warranty,48,9,27,false
T0018,2026-04-10T10:15,2026-04-10T22:15,2026-04-11T10:15,high,resolved,Phone,Field Support,Morgan Reed,SMB,Preventive Maintenance,24,12,24,false
T0019,2026-01-17T11:15,2026-01-17T12:15,2026-01-17T20:15,critical,resolved,Portal,Workshop,Cameron Shaw,Mid-Market,Network Setup,8,1,9,true
T0020,2026-01-04T12:15,2026-01-04T16:15,,low,pending_customer,WhatsApp,Remote Support,Avery Cole,Enterprise,Hardware Repair,72,4,,true
T0021,2026-02-22T13:15,2026-02-22T20:15,2026-02-23T20:15,medium,resolved,Email,Field Support,Jordan Ellis,SMB,Software Issue,48,7,31,false
T0022,2026-03-19T14:15,2026-03-20T00:15,2026-03-20T18:15,high,resolved,Phone,Workshop,Taylor Brooks,Mid-Market,Warranty,24,10,28,true
T0023,2026-04-05T15:15,2026-04-06T04:15,2026-04-06T04:15,critical,resolved,Portal,Remote Support,Morgan Reed,Enterprise,Preventive Maintenance,8,13,13,true
T0024,2026-03-27T08:15,2026-03-27T10:15,2026-03-29T02:15,low,resolved,WhatsApp,Field Support,Cameron Shaw,SMB,Network Setup,72,2,42,false
T0025,2026-01-28T09:15,2026-01-28T14:15,,medium,in_progress,Email,Workshop,Avery Cole,Mid-Market,Hardware Repair,48,5,,true
T0026,2026-04-12T10:15,2026-04-12T18:15,2026-04-12T18:15,high,resolved,Phone,Remote Support,Jordan Ellis,Enterprise,Software Issue,24,8,8,false
T0027,2026-03-18T11:15,2026-03-18T22:15,2026-03-18T16:15,critical,resolved,Portal,Field Support,Taylor Brooks,SMB,Warranty,8,11,5,false
T0028,2026-03-21T12:15,2026-03-21T13:15,2026-03-23T10:15,low,resolved,WhatsApp,Workshop,Morgan Reed,Mid-Market,Preventive Maintenance,72,1,46,false
T0029,2026-01-31T13:15,2026-01-31T16:15,2026-02-02T04:15,medium,resolved,Email,Remote Support,Cameron Shaw,Enterprise,Network Setup,48,3,39,false
T0030,2026-01-27T14:15,2026-01-27T20:15,,high,open,Phone,Field Support,Avery Cole,SMB,Hardware Repair,24,6,,true
T0031,2026-04-04T15:15,2026-04-05T00:15,2026-04-05T00:15,critical,resolved,Portal,Workshop,Jordan Ellis,Mid-Market,Software Issue,8,9,9,true
T0032,2026-02-22T08:15,2026-02-22T20:15,2026-02-24T10:15,low,resolved,WhatsApp,Remote Support,Taylor Brooks,Enterprise,Warranty,72,12,50,false
T0033,2026-03-15T09:15,2026-03-15T10:15,2026-03-17T04:15,medium,resolved,Email,Field Support,Morgan Reed,SMB,Preventive Maintenance,48,1,43,false
T0034,2026-02-02T10:15,2026-02-02T14:15,2026-02-03T02:15,high,resolved,Phone,Workshop,Cameron Shaw,Mid-Market,Network Setup,24,4,16,false
T0035,2026-04-09T11:15,2026-04-09T18:15,,critical,pending_customer,Portal,Remote Support,Avery Cole,Enterprise,Hardware Repair,8,7,,true
T0036,2026-04-01T12:15,2026-04-01T22:15,2026-04-03T18:15,low,resolved,WhatsApp,Field Support,Jordan Ellis,SMB,Software Issue,72,10,54,false
T0037,2026-02-03T13:15,2026-02-04T02:15,2026-02-05T12:15,medium,resolved,Email,Workshop,Taylor Brooks,Mid-Market,Warranty,48,13,47,false
T0038,2026-02-04T14:15,2026-02-04T16:15,2026-02-05T10:15,high,resolved,Phone,Remote Support,Morgan Reed,Enterprise,Preventive Maintenance,24,2,20,false
T0039,2026-04-03T15:15,2026-04-03T20:15,2026-04-03T20:15,critical,resolved,Portal,Field Support,Cameron Shaw,SMB,Network Setup,8,5,5,false
T0040,2026-03-05T08:15,2026-03-05T16:15,,low,in_progress,WhatsApp,Workshop,Avery Cole,Mid-Market,Hardware Repair,72,8,,true
T0041,2026-01-23T09:15,2026-01-23T20:15,2026-01-25T12:15,medium,resolved,Email,Remote Support,Jordan Ellis,Enterprise,Software Issue,48,11,51,true
T0042,2026-02-17T10:15,2026-02-17T11:15,2026-02-18T10:15,high,resolved,Phone,Field Support,Taylor Brooks,SMB,Warranty,24,1,24,false
T0043,2026-02-19T11:15,2026-02-19T14:15,2026-02-19T20:15,critical,resolved,Portal,Workshop,Morgan Reed,Mid-Market,Preventive Maintenance,8,3,9,true
T0044,2026-03-22T12:15,2026-03-22T18:15,2026-03-25T02:15,low,resolved,WhatsApp,Remote Support,Cameron Shaw,Enterprise,Network Setup,72,6,62,false
T0045,2026-01-26T13:15,2026-01-26T22:15,,medium,open,Email,Field Support,Avery Cole,SMB,Hardware Repair,48,9,,true
T0046,2026-01-14T14:15,2026-01-15T02:15,2026-01-15T18:15,high,resolved,Phone,Workshop,Jordan Ellis,Mid-Market,Software Issue,24,12,28,true
T0047,2026-04-05T15:15,2026-04-05T16:15,2026-04-06T04:15,critical,resolved,Portal,Remote Support,Taylor Brooks,Enterprise,Warranty,8,1,13,true
T0048,2026-01-04T08:15,2026-01-04T12:15,2026-01-07T02:15,low,resolved,WhatsApp,Field Support,Morgan Reed,SMB,Preventive Maintenance,72,4,66,false
T0049,2026-03-22T09:15,2026-03-22T16:15,2026-03-23T02:15,medium,resolved,Email,Workshop,Cameron Shaw,Mid-Market,Network Setup,48,7,17,false
T0050,2026-01-22T10:15,2026-01-22T20:15,,high,pending_customer,Phone,Remote Support,Avery Cole,Enterprise,Hardware Repair,24,10,,true
T0051,2026-02-27T11:15,2026-02-28T00:15,2026-02-27T16:15,critical,resolved,Portal,Field Support,Jordan Ellis,SMB,Software Issue,8,13,5,false
T0052,2026-03-20T12:15,2026-03-20T14:15,2026-03-23T10:15,low,resolved,WhatsApp,Workshop,Taylor Brooks,Mid-Market,Warranty,72,2,70,false
T0053,2026-01-16T13:15,2026-01-16T18:15,2026-01-17T10:15,medium,resolved,Email,Remote Support,Morgan Reed,Enterprise,Preventive Maintenance,48,5,21,false
T0054,2026-02-06T14:15,2026-02-06T22:15,2026-02-07T02:15,high,resolved,Phone,Field Support,Cameron Shaw,SMB,Network Setup,24,8,12,false
T0055,2026-02-22T15:15,2026-02-23T02:15,,critical,in_progress,Portal,Workshop,Avery Cole,Mid-Market,Hardware Repair,8,11,,true
T0056,2026-03-29T08:15,2026-03-29T09:15,2026-04-01T10:15,low,resolved,WhatsApp,Remote Support,Jordan Ellis,Enterprise,Software Issue,72,1,74,true
T0057,2026-04-10T09:15,2026-04-10T12:15,2026-04-11T10:15,medium,resolved,Email,Field Support,Taylor Brooks,SMB,Warranty,48,3,25,false
T0058,2026-02-09T10:15,2026-02-09T16:15,2026-02-10T02:15,high,resolved,Phone,Workshop,Morgan Reed,Mid-Market,Preventive Maintenance,24,6,16,false
T0059,2026-02-03T11:15,2026-02-03T20:15,2026-02-04T00:15,critical,resolved,Portal,Remote Support,Cameron Shaw,Enterprise,Network Setup,8,9,13,true
T0060,2026-02-25T12:15,2026-02-26T00:15,,low,open,WhatsApp,Field Support,Avery Cole,SMB,Hardware Repair,72,12,,true
